{
  "md.ref.palette.error0": {
    "description": "Error 0",
    "value": {
      "red": 0,
      "green": 0,
      "blue": 0,
      "alpha": {
        "value": 1
      }
    }
  },
  "md.ref.palette.error10": {
    "description": "Error 10",
    "value": {
      "red": 0.2549019753932953,
      "green": 0.054901961237192154,
      "blue": 0.04313725605607033,
      "alpha": {
        "value": 1
      }
    }
  },
  "md.ref.palette.error20": {
    "description": "Error 20",
    "value": {
      "red": 0.3764705955982208,
      "green": 0.0784313753247261,
      "blue": 0.062745101749897,
      "alpha": {
        "value": 1
      }
    }
  },
  "md.ref.palette.error30": {
    "description": "Error 30",
    "value": {
      "red": 0.5490196347236633,
      "green": 0.11372549086809158,
      "blue": 0.0941176488995552,
      "alpha": {
        "value": 1
      }
    }
  },
  "md.ref.palette.error40": {
    "description": "Error 40",
    "value": {
      "red": 0.7019608020782471,
      "green": 0.14901961386203766,
      "blue": 0.11764705926179886,
      "alpha": {
        "value": 1
      }
    }
  },
  "md.ref.palette.error50": {
    "description": "Error 50",
    "value": {
      "red": 0.8627451062202454,
      "green": 0.21176470816135406,
      "blue": 0.18039216101169586,
      "alpha": {
        "value": 1
      }
    }
  },
  "md.ref.palette.error60": {
    "description": "Error 60",
    "value": {
      "red": 0.8941176533699036,
      "green": 0.4117647111415863,
      "blue": 0.3843137323856354,
      "alpha": {
        "value": 1
      }
    }
  },
  "md.ref.palette.error70": {
    "description": "Error 70",
    "value": {
      "red": 0.9254902005195618,
      "green": 0.572549045085907,
      "blue": 0.5568627715110779,
      "alpha": {
        "value": 1
      }
    }
  },
  "md.ref.palette.error80": {
    "description": "Error 80",
    "value": {
      "red": 0.9490196108818054,
      "green": 0.7215686440467834,
      "blue": 0.7098039388656616,
      "alpha": {
        "value": 1
      }
    }
  },
  "md.ref.palette.error90": {
    "description": "Error 90",
    "value": {
      "red": 0.9764705896377563,
      "green": 0.8705882430076599,
      "blue": 0.8627451062202454,
      "alpha": {
        "value": 1
      }
    }
  },
  "md.ref.palette.error95": {
    "description": "Error 95",
    "value": {
      "red": 0.9882352948188782,
      "green": 0.9333333373069763,
      "blue": 0.9333333373069763,
      "alpha": {
        "value": 1
      }
    }
  },
  "md.ref.palette.error99": {
    "description": "Error 99",
    "value": {
      "red": 1,
      "green": 0.9843137264251709,
      "blue": 0.9764705896377563,
      "alpha": {
        "value": 1
      }
    }
  },
  "md.ref.palette.error100": {
    "description": "Error 100",
    "value": {
      "red": 1,
      "green": 1,
      "blue": 1,
      "alpha": {
        "value": 1
      }
    }
  },
  "md.ref.palette.tertiary0": {
    "description": "Tertiary 0",
    "value": {
      "red": 0,
      "green": 0,
      "blue": 0,
      "alpha": {
        "value": 1
      }
    }
  },
  "md.ref.palette.tertiary10": {
    "description": "Tertiary 10",
    "value": {
      "red": 0.1921568661928177,
      "green": 0.06666667014360428,
      "blue": 0.11372549086809158,
      "alpha": {
        "value": 1
      }
    }
  },
  "md.ref.palette.tertiary20": {
    "description": "Tertiary 20",
    "value": {
      "red": 0.2862745225429535,
      "green": 0.14509804546833038,
      "blue": 0.19607843458652496,
      "alpha": {
        "value": 1
      }
    }
  },
  "md.ref.palette.tertiary30": {
    "description": "Tertiary 30",
    "value": {
      "red": 0.38823530077934265,
      "green": 0.23137255012989044,
      "blue": 0.2823529541492462,
      "alpha": {
        "value": 1
      }
    }
  },
  "md.ref.palette.tertiary40": {
    "description": "Tertiary 40",
    "value": {
      "red": 0.4901960790157318,
      "green": 0.32156863808631897,
      "blue": 0.3764705955982208,
      "alpha": {
        "value": 1
      }
    }
  },
  "md.ref.palette.tertiary50": {
    "description": "Tertiary 50",
    "value": {
      "red": 0.5960784554481506,
      "green": 0.4117647111415863,
      "blue": 0.46666666865348816,
      "alpha": {
        "value": 1
      }
    }
  },
  "md.ref.palette.tertiary60": {
    "description": "Tertiary 60",
    "value": {
      "red": 0.7098039388656616,
      "green": 0.5137255191802979,
      "blue": 0.572549045085907,
      "alpha": {
        "value": 1
      }
    }
  },
  "md.ref.palette.tertiary70": {
    "description": "Tertiary 70",
    "value": {
      "red": 0.8235294222831726,
      "green": 0.615686297416687,
      "blue": 0.6745098233222961,
      "alpha": {
        "value": 1
      }
    }
  },
  "md.ref.palette.tertiary80": {
    "description": "Tertiary 80",
    "value": {
      "red": 0.9372549057006836,
      "green": 0.7215686440467834,
      "blue": 0.7843137383460999,
      "alpha": {
        "value": 1
      }
    }
  },
  "md.ref.palette.tertiary90": {
    "description": "Tertiary 90",
    "value": {
      "red": 1,
      "green": 0.8470588326454163,
      "blue": 0.8941176533699036,
      "alpha": {
        "value": 1
      }
    }
  },
  "md.ref.palette.tertiary95": {
    "description": "Tertiary 95",
    "value": {
      "red": 1,
      "green": 0.9254902005195618,
      "blue": 0.9450980424880981,
      "alpha": {
        "value": 1
      }
    }
  },
  "md.ref.palette.tertiary99": {
    "description": "Tertiary 99",
    "value": {
      "red": 1,
      "green": 0.9843137264251709,
      "blue": 0.9803921580314636,
      "alpha": {
        "value": 1
      }
    }
  },
  "md.ref.palette.tertiary100": {
    "description": "Tertiary 100",
    "value": {
      "red": 1,
      "green": 1,
      "blue": 1,
      "alpha": {
        "value": 1
      }
    }
  },
  "md.ref.palette.secondary0": {
    "description": "Secondary 0",
    "value": {
      "red": 0,
      "green": 0,
      "blue": 0,
      "alpha": {
        "value": 1
      }
    }
  },
  "md.ref.palette.secondary10": {
    "description": "Secondary 10",
    "value": {
      "red": 0.11372549086809158,
      "green": 0.09803921729326248,
      "blue": 0.16862745583057404,
      "alpha": {
        "value": 1
      }
    }
  },
  "md.ref.palette.secondary20": {
    "description": "Secondary 20",
    "value": {
      "red": 0.20000000298023224,
      "green": 0.1764705926179886,
      "blue": 0.2549019753932953,
      "alpha": {
        "value": 1
      }
    }
  },
  "md.ref.palette.secondary30": {
    "description": "Secondary 30",
    "value": {
      "red": 0.29019609093666077,
      "green": 0.2666666805744171,
      "blue": 0.3450980484485626,
      "alpha": {
        "value": 1
      }
    }
  },
  "md.ref.palette.secondary40": {
    "description": "Secondary 40",
    "value": {
      "red": 0.3843137323856354,
      "green": 0.35686275362968445,
      "blue": 0.4431372582912445,
      "alpha": {
        "value": 1
      }
    }
  },
  "md.ref.palette.secondary50": {
    "description": "Secondary 50",
    "value": {
      "red": 0.47843137383461,
      "green": 0.4470588266849518,
      "blue": 0.5372549295425415,
      "alpha": {
        "value": 1
      }
    }
  },
  "md.ref.palette.secondary60": {
    "description": "Secondary 60",
    "value": {
      "red": 0.5843137502670288,
      "green": 0.5529412031173706,
      "blue": 0.6470588445663452,
      "alpha": {
        "value": 1
      }
    }
  },
  "md.ref.palette.secondary70": {
    "description": "Secondary 70",
    "value": {
      "red": 0.6901960968971252,
      "green": 0.6549019813537598,
      "blue": 0.7529411911964417,
      "alpha": {
        "value": 1
      }
    }
  },
  "md.ref.palette.secondary80": {
    "description": "Secondary 80",
    "value": {
      "red": 0.800000011920929,
      "green": 0.7607843279838562,
      "blue": 0.8627451062202454,
      "alpha": {
        "value": 1
      }
    }
  },